"Line","Column","Message","Extent","RuleName","Severity","ScriptName","ScriptPath","RuleSuppressionID","SuggestedCorrections","IsSuppressed"
"9","1","Line has trailing whitespace","System.Management.Automation.Language.ScriptExtent","PSAvoidTrailingWhitespace","Information","build.ps1","C:\Repos\KillerGaming.Powershell\KillerGaming.Powershell\build.ps1",,"System.Collections.Generic.List`1[Microsoft.Windows.PowerShell.ScriptAnalyzer.Generic.CorrectionExtent]","False"
"16","1","Line has trailing whitespace","System.Management.Automation.Language.ScriptExtent","PSAvoidTrailingWhitespace","Information","build.ps1","C:\Repos\KillerGaming.Powershell\KillerGaming.Powershell\build.ps1",,"System.Collections.Generic.List`1[Microsoft.Windows.PowerShell.ScriptAnalyzer.Generic.CorrectionExtent]","False"
"19","1","Line has trailing whitespace","System.Management.Automation.Language.ScriptExtent","PSAvoidTrailingWhitespace","Information","build.ps1","C:\Repos\KillerGaming.Powershell\KillerGaming.Powershell\build.ps1",,"System.Collections.Generic.List`1[Microsoft.Windows.PowerShell.ScriptAnalyzer.Generic.CorrectionExtent]","False"
"20","1","Line has trailing whitespace","System.Management.Automation.Language.ScriptExtent","PSAvoidTrailingWhitespace","Information","build.ps1","C:\Repos\KillerGaming.Powershell\KillerGaming.Powershell\build.ps1",,"System.Collections.Generic.List`1[Microsoft.Windows.PowerShell.ScriptAnalyzer.Generic.CorrectionExtent]","False"
"24","1","Line has trailing whitespace","System.Management.Automation.Language.ScriptExtent","PSAvoidTrailingWhitespace","Information","build.ps1","C:\Repos\KillerGaming.Powershell\KillerGaming.Powershell\build.ps1",,"System.Collections.Generic.List`1[Microsoft.Windows.PowerShell.ScriptAnalyzer.Generic.CorrectionExtent]","False"
"25","1","Line has trailing whitespace","System.Management.Automation.Language.ScriptExtent","PSAvoidTrailingWhitespace","Information","build.ps1","C:\Repos\KillerGaming.Powershell\KillerGaming.Powershell\build.ps1",,"System.Collections.Generic.List`1[Microsoft.Windows.PowerShell.ScriptAnalyzer.Generic.CorrectionExtent]","False"
"34","1","Line has trailing whitespace","System.Management.Automation.Language.ScriptExtent","PSAvoidTrailingWhitespace","Information","build.ps1","C:\Repos\KillerGaming.Powershell\KillerGaming.Powershell\build.ps1",,"System.Collections.Generic.List`1[Microsoft.Windows.PowerShell.ScriptAnalyzer.Generic.CorrectionExtent]","False"
"39","1","Line has trailing whitespace","System.Management.Automation.Language.ScriptExtent","PSAvoidTrailingWhitespace","Information","build.ps1","C:\Repos\KillerGaming.Powershell\KillerGaming.Powershell\build.ps1",,"System.Collections.Generic.List`1[Microsoft.Windows.PowerShell.ScriptAnalyzer.Generic.CorrectionExtent]","False"
"41","1","Line has trailing whitespace","System.Management.Automation.Language.ScriptExtent","PSAvoidTrailingWhitespace","Information","build.ps1","C:\Repos\KillerGaming.Powershell\KillerGaming.Powershell\build.ps1",,"System.Collections.Generic.List`1[Microsoft.Windows.PowerShell.ScriptAnalyzer.Generic.CorrectionExtent]","False"
"43","1","Line has trailing whitespace","System.Management.Automation.Language.ScriptExtent","PSAvoidTrailingWhitespace","Information","build.ps1","C:\Repos\KillerGaming.Powershell\KillerGaming.Powershell\build.ps1",,"System.Collections.Generic.List`1[Microsoft.Windows.PowerShell.ScriptAnalyzer.Generic.CorrectionExtent]","False"
"9","1","Line has trailing whitespace","System.Management.Automation.Language.ScriptExtent","PSAvoidTrailingWhitespace","Information","build.TempPoint.ps1","C:\Repos\KillerGaming.Powershell\KillerGaming.Powershell\build.TempPoint.ps1",,"System.Collections.Generic.List`1[Microsoft.Windows.PowerShell.ScriptAnalyzer.Generic.CorrectionExtent]","False"
"16","1","Line has trailing whitespace","System.Management.Automation.Language.ScriptExtent","PSAvoidTrailingWhitespace","Information","build.TempPoint.ps1","C:\Repos\KillerGaming.Powershell\KillerGaming.Powershell\build.TempPoint.ps1",,"System.Collections.Generic.List`1[Microsoft.Windows.PowerShell.ScriptAnalyzer.Generic.CorrectionExtent]","False"
"21","1","Line has trailing whitespace","System.Management.Automation.Language.ScriptExtent","PSAvoidTrailingWhitespace","Information","build.TempPoint.ps1","C:\Repos\KillerGaming.Powershell\KillerGaming.Powershell\build.TempPoint.ps1",,"System.Collections.Generic.List`1[Microsoft.Windows.PowerShell.ScriptAnalyzer.Generic.CorrectionExtent]","False"
"24","1","Line has trailing whitespace","System.Management.Automation.Language.ScriptExtent","PSAvoidTrailingWhitespace","Information","build.TempPoint.ps1","C:\Repos\KillerGaming.Powershell\KillerGaming.Powershell\build.TempPoint.ps1",,"System.Collections.Generic.List`1[Microsoft.Windows.PowerShell.ScriptAnalyzer.Generic.CorrectionExtent]","False"
"26","1","Line has trailing whitespace","System.Management.Automation.Language.ScriptExtent","PSAvoidTrailingWhitespace","Information","build.TempPoint.ps1","C:\Repos\KillerGaming.Powershell\KillerGaming.Powershell\build.TempPoint.ps1",,"System.Collections.Generic.List`1[Microsoft.Windows.PowerShell.ScriptAnalyzer.Generic.CorrectionExtent]","False"
"28","1","Line has trailing whitespace","System.Management.Automation.Language.ScriptExtent","PSAvoidTrailingWhitespace","Information","build.TempPoint.ps1","C:\Repos\KillerGaming.Powershell\KillerGaming.Powershell\build.TempPoint.ps1",,"System.Collections.Generic.List`1[Microsoft.Windows.PowerShell.ScriptAnalyzer.Generic.CorrectionExtent]","False"
"71","35","'select' is an alias of 'Select-Object'. Alias can introduce possible problems and make scripts hard to maintain. Please consider changing alias to its full content.","select","PSAvoidUsingCmdletAliases","Warning","Find-HyperVHost.TempPoint.ps1","C:\Repos\KillerGaming.Powershell\KillerGaming.Powershell\Find-HyperVHost.TempPoint.ps1","select","System.Collections.Generic.List`1[Microsoft.Windows.PowerShell.ScriptAnalyzer.Generic.CorrectionExtent]","False"
"75","14","'%' is an alias of 'ForEach-Object'. Alias can introduce possible problems and make scripts hard to maintain. Please consider changing alias to its full content.","%","PSAvoidUsingCmdletAliases","Warning","Find-HyperVHost.TempPoint.ps1","C:\Repos\KillerGaming.Powershell\KillerGaming.Powershell\Find-HyperVHost.TempPoint.ps1","%","System.Collections.Generic.List`1[Microsoft.Windows.PowerShell.ScriptAnalyzer.Generic.CorrectionExtent]","False"
"85","16","'%' is an alias of 'ForEach-Object'. Alias can introduce possible problems and make scripts hard to maintain. Please consider changing alias to its full content.","%","PSAvoidUsingCmdletAliases","Warning","Find-HyperVHost.TempPoint.ps1","C:\Repos\KillerGaming.Powershell\KillerGaming.Powershell\Find-HyperVHost.TempPoint.ps1","%","System.Collections.Generic.List`1[Microsoft.Windows.PowerShell.ScriptAnalyzer.Generic.CorrectionExtent]","False"
"71","2","Found global variable 'GLOBAL:forests'.","$GLOBAL:forests","PSAvoidGlobalVars","Warning","Find-HyperVHost.TempPoint.ps1","C:\Repos\KillerGaming.Powershell\KillerGaming.Powershell\Find-HyperVHost.TempPoint.ps1","GLOBAL:forests",,"False"
"48","4","The cmdlet 'List-hyperVHosts' returns an object of type 'System.String' but this type is not declared in the OutputType attribute.","""Failed to query $dc of $domain""","PSUseOutputTypeCorrectly","Information","Find-HyperVHost.TempPoint.ps1","C:\Repos\KillerGaming.Powershell\KillerGaming.Powershell\Find-HyperVHost.TempPoint.ps1",,,"False"
"1","3","Line has trailing whitespace","System.Management.Automation.Language.ScriptExtent","PSAvoidTrailingWhitespace","Information","Find-HyperVHost.TempPoint.ps1","C:\Repos\KillerGaming.Powershell\KillerGaming.Powershell\Find-HyperVHost.TempPoint.ps1",,"System.Collections.Generic.List`1[Microsoft.Windows.PowerShell.ScriptAnalyzer.Generic.CorrectionExtent]","False"
"7","16","Line has trailing whitespace","System.Management.Automation.Language.ScriptExtent","PSAvoidTrailingWhitespace","Information","Find-HyperVHost.TempPoint.ps1","C:\Repos\KillerGaming.Powershell\KillerGaming.Powershell\Find-HyperVHost.TempPoint.ps1",,"System.Collections.Generic.List`1[Microsoft.Windows.PowerShell.ScriptAnalyzer.Generic.CorrectionExtent]","False"
"36","1","Line has trailing whitespace","System.Management.Automation.Language.ScriptExtent","PSAvoidTrailingWhitespace","Information","Find-HyperVHost.TempPoint.ps1","C:\Repos\KillerGaming.Powershell\KillerGaming.Powershell\Find-HyperVHost.TempPoint.ps1",,"System.Collections.Generic.List`1[Microsoft.Windows.PowerShell.ScriptAnalyzer.Generic.CorrectionExtent]","False"
"54","1","Line has trailing whitespace","System.Management.Automation.Language.ScriptExtent","PSAvoidTrailingWhitespace","Information","Find-HyperVHost.TempPoint.ps1","C:\Repos\KillerGaming.Powershell\KillerGaming.Powershell\Find-HyperVHost.TempPoint.ps1",,"System.Collections.Generic.List`1[Microsoft.Windows.PowerShell.ScriptAnalyzer.Generic.CorrectionExtent]","False"
"21","10","The cmdlet 'List-hyperVHosts' uses an unapproved verb.","List-hyperVHosts","PSUseApprovedVerbs","Warning","Find-HyperVHost.TempPoint.ps1","C:\Repos\KillerGaming.Powershell\KillerGaming.Powershell\Find-HyperVHost.TempPoint.ps1",,,"False"
"21","10","The cmdlet 'List-hyperVHosts' uses a plural noun. A singular noun should be used instead.","List-hyperVHosts","PSUseSingularNouns","Warning","Find-HyperVHost.TempPoint.ps1","C:\Repos\KillerGaming.Powershell\KillerGaming.Powershell\Find-HyperVHost.TempPoint.ps1",,"Microsoft.Windows.PowerShell.ScriptAnalyzer.Generic.CorrectionExtent[]","False"
"72","35","'select' is an alias of 'Select-Object'. Alias can introduce possible problems and make scripts hard to maintain. Please consider changing alias to its full content.","select","PSAvoidUsingCmdletAliases","Warning","Find-HyperVHosts.TempPoint.ps1","C:\Repos\KillerGaming.Powershell\KillerGaming.Powershell\Find-HyperVHosts.TempPoint.ps1","select","System.Collections.Generic.List`1[Microsoft.Windows.PowerShell.ScriptAnalyzer.Generic.CorrectionExtent]","False"
"76","14","'%' is an alias of 'ForEach-Object'. Alias can introduce possible problems and make scripts hard to maintain. Please consider changing alias to its full content.","%","PSAvoidUsingCmdletAliases","Warning","Find-HyperVHosts.TempPoint.ps1","C:\Repos\KillerGaming.Powershell\KillerGaming.Powershell\Find-HyperVHosts.TempPoint.ps1","%","System.Collections.Generic.List`1[Microsoft.Windows.PowerShell.ScriptAnalyzer.Generic.CorrectionExtent]","False"
"86","16","'%' is an alias of 'ForEach-Object'. Alias can introduce possible problems and make scripts hard to maintain. Please consider changing alias to its full content.","%","PSAvoidUsingCmdletAliases","Warning","Find-HyperVHosts.TempPoint.ps1","C:\Repos\KillerGaming.Powershell\KillerGaming.Powershell\Find-HyperVHosts.TempPoint.ps1","%","System.Collections.Generic.List`1[Microsoft.Windows.PowerShell.ScriptAnalyzer.Generic.CorrectionExtent]","False"
"72","2","Found global variable 'GLOBAL:forests'.","$GLOBAL:forests","PSAvoidGlobalVars","Warning","Find-HyperVHosts.TempPoint.ps1","C:\Repos\KillerGaming.Powershell\KillerGaming.Powershell\Find-HyperVHosts.TempPoint.ps1","GLOBAL:forests",,"False"
"1","3","Line has trailing whitespace","System.Management.Automation.Language.ScriptExtent","PSAvoidTrailingWhitespace","Information","Find-HyperVHosts.TempPoint.ps1","C:\Repos\KillerGaming.Powershell\KillerGaming.Powershell\Find-HyperVHosts.TempPoint.ps1",,"System.Collections.Generic.List`1[Microsoft.Windows.PowerShell.ScriptAnalyzer.Generic.CorrectionExtent]","False"
"7","16","Line has trailing whitespace","System.Management.Automation.Language.ScriptExtent","PSAvoidTrailingWhitespace","Information","Find-HyperVHosts.TempPoint.ps1","C:\Repos\KillerGaming.Powershell\KillerGaming.Powershell\Find-HyperVHosts.TempPoint.ps1",,"System.Collections.Generic.List`1[Microsoft.Windows.PowerShell.ScriptAnalyzer.Generic.CorrectionExtent]","False"
"36","1","Line has trailing whitespace","System.Management.Automation.Language.ScriptExtent","PSAvoidTrailingWhitespace","Information","Find-HyperVHosts.TempPoint.ps1","C:\Repos\KillerGaming.Powershell\KillerGaming.Powershell\Find-HyperVHosts.TempPoint.ps1",,"System.Collections.Generic.List`1[Microsoft.Windows.PowerShell.ScriptAnalyzer.Generic.CorrectionExtent]","False"
"54","1","Line has trailing whitespace","System.Management.Automation.Language.ScriptExtent","PSAvoidTrailingWhitespace","Information","Find-HyperVHosts.TempPoint.ps1","C:\Repos\KillerGaming.Powershell\KillerGaming.Powershell\Find-HyperVHosts.TempPoint.ps1",,"System.Collections.Generic.List`1[Microsoft.Windows.PowerShell.ScriptAnalyzer.Generic.CorrectionExtent]","False"
"21","10","The cmdlet 'List-hyperVHosts' uses an unapproved verb.","List-hyperVHosts","PSUseApprovedVerbs","Warning","Find-HyperVHosts.TempPoint.ps1","C:\Repos\KillerGaming.Powershell\KillerGaming.Powershell\Find-HyperVHosts.TempPoint.ps1",,,"False"
"48","4","The cmdlet 'List-hyperVHosts' returns an object of type 'System.String' but this type is not declared in the OutputType attribute.","""Failed to query $dc of $domain""","PSUseOutputTypeCorrectly","Information","Find-HyperVHosts.TempPoint.ps1","C:\Repos\KillerGaming.Powershell\KillerGaming.Powershell\Find-HyperVHosts.TempPoint.ps1",,,"False"
"21","10","The cmdlet 'List-hyperVHosts' uses a plural noun. A singular noun should be used instead.","List-hyperVHosts","PSUseSingularNouns","Warning","Find-HyperVHosts.TempPoint.ps1","C:\Repos\KillerGaming.Powershell\KillerGaming.Powershell\Find-HyperVHosts.TempPoint.ps1",,"Microsoft.Windows.PowerShell.ScriptAnalyzer.Generic.CorrectionExtent[]","False"
"32","23","'%' is an alias of 'ForEach-Object'. Alias can introduce possible problems and make scripts hard to maintain. Please consider changing alias to its full content.","%","PSAvoidUsingCmdletAliases","Warning","Get-HypervHealth.p1.ps1","C:\Repos\KillerGaming.Powershell\KillerGaming.Powershell\Get-HypervHealth.p1.ps1","%","System.Collections.Generic.List`1[Microsoft.Windows.PowerShell.ScriptAnalyzer.Generic.CorrectionExtent]","False"
"1","3","Line has trailing whitespace","System.Management.Automation.Language.ScriptExtent","PSAvoidTrailingWhitespace","Information","Get-HypervHealth.p1.ps1","C:\Repos\KillerGaming.Powershell\KillerGaming.Powershell\Get-HypervHealth.p1.ps1",,"System.Collections.Generic.List`1[Microsoft.Windows.PowerShell.ScriptAnalyzer.Generic.CorrectionExtent]","False"
"7","16","Line has trailing whitespace","System.Management.Automation.Language.ScriptExtent","PSAvoidTrailingWhitespace","Information","Get-HypervHealth.p1.ps1","C:\Repos\KillerGaming.Powershell\KillerGaming.Powershell\Get-HypervHealth.p1.ps1",,"System.Collections.Generic.List`1[Microsoft.Windows.PowerShell.ScriptAnalyzer.Generic.CorrectionExtent]","False"
"17","1","Line has trailing whitespace","System.Management.Automation.Language.ScriptExtent","PSAvoidTrailingWhitespace","Information","Get-HypervHealth.p1.ps1","C:\Repos\KillerGaming.Powershell\KillerGaming.Powershell\Get-HypervHealth.p1.ps1",,"System.Collections.Generic.List`1[Microsoft.Windows.PowerShell.ScriptAnalyzer.Generic.CorrectionExtent]","False"
"19","3","Line has trailing whitespace","System.Management.Automation.Language.ScriptExtent","PSAvoidTrailingWhitespace","Information","Get-HypervHealth.p1.ps1","C:\Repos\KillerGaming.Powershell\KillerGaming.Powershell\Get-HypervHealth.p1.ps1",,"System.Collections.Generic.List`1[Microsoft.Windows.PowerShell.ScriptAnalyzer.Generic.CorrectionExtent]","False"
"22","1","Line has trailing whitespace","System.Management.Automation.Language.ScriptExtent","PSAvoidTrailingWhitespace","Information","Get-HypervHealth.p1.ps1","C:\Repos\KillerGaming.Powershell\KillerGaming.Powershell\Get-HypervHealth.p1.ps1",,"System.Collections.Generic.List`1[Microsoft.Windows.PowerShell.ScriptAnalyzer.Generic.CorrectionExtent]","False"
"30","1","Line has trailing whitespace","System.Management.Automation.Language.ScriptExtent","PSAvoidTrailingWhitespace","Information","Get-HypervHealth.p1.ps1","C:\Repos\KillerGaming.Powershell\KillerGaming.Powershell\Get-HypervHealth.p1.ps1",,"System.Collections.Generic.List`1[Microsoft.Windows.PowerShell.ScriptAnalyzer.Generic.CorrectionExtent]","False"
"37","1","Line has trailing whitespace","System.Management.Automation.Language.ScriptExtent","PSAvoidTrailingWhitespace","Information","Get-HypervHealth.p1.ps1","C:\Repos\KillerGaming.Powershell\KillerGaming.Powershell\Get-HypervHealth.p1.ps1",,"System.Collections.Generic.List`1[Microsoft.Windows.PowerShell.ScriptAnalyzer.Generic.CorrectionExtent]","False"
"43","1","Line has trailing whitespace","System.Management.Automation.Language.ScriptExtent","PSAvoidTrailingWhitespace","Information","Get-HypervHealth.p1.ps1","C:\Repos\KillerGaming.Powershell\KillerGaming.Powershell\Get-HypervHealth.p1.ps1",,"System.Collections.Generic.List`1[Microsoft.Windows.PowerShell.ScriptAnalyzer.Generic.CorrectionExtent]","False"
"47","1","Line has trailing whitespace","System.Management.Automation.Language.ScriptExtent","PSAvoidTrailingWhitespace","Information","Get-HypervHealth.p1.ps1","C:\Repos\KillerGaming.Powershell\KillerGaming.Powershell\Get-HypervHealth.p1.ps1",,"System.Collections.Generic.List`1[Microsoft.Windows.PowerShell.ScriptAnalyzer.Generic.CorrectionExtent]","False"
"48","1","Line has trailing whitespace","System.Management.Automation.Language.ScriptExtent","PSAvoidTrailingWhitespace","Information","Get-HypervHealth.p1.ps1","C:\Repos\KillerGaming.Powershell\KillerGaming.Powershell\Get-HypervHealth.p1.ps1",,"System.Collections.Generic.List`1[Microsoft.Windows.PowerShell.ScriptAnalyzer.Generic.CorrectionExtent]","False"
"49","1","Line has trailing whitespace","System.Management.Automation.Language.ScriptExtent","PSAvoidTrailingWhitespace","Information","Get-HypervHealth.p1.ps1","C:\Repos\KillerGaming.Powershell\KillerGaming.Powershell\Get-HypervHealth.p1.ps1",,"System.Collections.Generic.List`1[Microsoft.Windows.PowerShell.ScriptAnalyzer.Generic.CorrectionExtent]","False"
"46","2","The variable 'pctFree' is assigned but never used.","$pctFree","PSUseDeclaredVarsMoreThanAssignments","Warning","Get-HypervHealth.p1.ps1","C:\Repos\KillerGaming.Powershell\KillerGaming.Powershell\Get-HypervHealth.p1.ps1","pctFree",,"False"
"25","23","'%' is an alias of 'ForEach-Object'. Alias can introduce possible problems and make scripts hard to maintain. Please consider changing alias to its full content.","%","PSAvoidUsingCmdletAliases","Warning","Get-HypervHealth.p1.TempPoint.ps1","C:\Repos\KillerGaming.Powershell\KillerGaming.Powershell\Get-HypervHealth.p1.TempPoint.ps1","%","System.Collections.Generic.List`1[Microsoft.Windows.PowerShell.ScriptAnalyzer.Generic.CorrectionExtent]","False"
"1","3","Line has trailing whitespace","System.Management.Automation.Language.ScriptExtent","PSAvoidTrailingWhitespace","Information","Get-HypervHealth.p1.TempPoint.ps1","C:\Repos\KillerGaming.Powershell\KillerGaming.Powershell\Get-HypervHealth.p1.TempPoint.ps1",,"System.Collections.Generic.List`1[Microsoft.Windows.PowerShell.ScriptAnalyzer.Generic.CorrectionExtent]","False"
"7","16","Line has trailing whitespace","System.Management.Automation.Language.ScriptExtent","PSAvoidTrailingWhitespace","Information","Get-HypervHealth.p1.TempPoint.ps1","C:\Repos\KillerGaming.Powershell\KillerGaming.Powershell\Get-HypervHealth.p1.TempPoint.ps1",,"System.Collections.Generic.List`1[Microsoft.Windows.PowerShell.ScriptAnalyzer.Generic.CorrectionExtent]","False"
"17","1","Line has trailing whitespace","System.Management.Automation.Language.ScriptExtent","PSAvoidTrailingWhitespace","Information","Get-HypervHealth.p1.TempPoint.ps1","C:\Repos\KillerGaming.Powershell\KillerGaming.Powershell\Get-HypervHealth.p1.TempPoint.ps1",,"System.Collections.Generic.List`1[Microsoft.Windows.PowerShell.ScriptAnalyzer.Generic.CorrectionExtent]","False"
"20","1","Line has trailing whitespace","System.Management.Automation.Language.ScriptExtent","PSAvoidTrailingWhitespace","Information","Get-HypervHealth.p1.TempPoint.ps1","C:\Repos\KillerGaming.Powershell\KillerGaming.Powershell\Get-HypervHealth.p1.TempPoint.ps1",,"System.Collections.Generic.List`1[Microsoft.Windows.PowerShell.ScriptAnalyzer.Generic.CorrectionExtent]","False"
"23","1","Line has trailing whitespace","System.Management.Automation.Language.ScriptExtent","PSAvoidTrailingWhitespace","Information","Get-HypervHealth.p1.TempPoint.ps1","C:\Repos\KillerGaming.Powershell\KillerGaming.Powershell\Get-HypervHealth.p1.TempPoint.ps1",,"System.Collections.Generic.List`1[Microsoft.Windows.PowerShell.ScriptAnalyzer.Generic.CorrectionExtent]","False"
"26","1","Line has trailing whitespace","System.Management.Automation.Language.ScriptExtent","PSAvoidTrailingWhitespace","Information","Get-HypervHealth.p1.TempPoint.ps1","C:\Repos\KillerGaming.Powershell\KillerGaming.Powershell\Get-HypervHealth.p1.TempPoint.ps1",,"System.Collections.Generic.List`1[Microsoft.Windows.PowerShell.ScriptAnalyzer.Generic.CorrectionExtent]","False"
"30","1","Line has trailing whitespace","System.Management.Automation.Language.ScriptExtent","PSAvoidTrailingWhitespace","Information","Get-HypervHealth.p1.TempPoint.ps1","C:\Repos\KillerGaming.Powershell\KillerGaming.Powershell\Get-HypervHealth.p1.TempPoint.ps1",,"System.Collections.Generic.List`1[Microsoft.Windows.PowerShell.ScriptAnalyzer.Generic.CorrectionExtent]","False"
"31","1","Line has trailing whitespace","System.Management.Automation.Language.ScriptExtent","PSAvoidTrailingWhitespace","Information","Get-HypervHealth.p1.TempPoint.ps1","C:\Repos\KillerGaming.Powershell\KillerGaming.Powershell\Get-HypervHealth.p1.TempPoint.ps1",,"System.Collections.Generic.List`1[Microsoft.Windows.PowerShell.ScriptAnalyzer.Generic.CorrectionExtent]","False"
"32","1","Line has trailing whitespace","System.Management.Automation.Language.ScriptExtent","PSAvoidTrailingWhitespace","Information","Get-HypervHealth.p1.TempPoint.ps1","C:\Repos\KillerGaming.Powershell\KillerGaming.Powershell\Get-HypervHealth.p1.TempPoint.ps1",,"System.Collections.Generic.List`1[Microsoft.Windows.PowerShell.ScriptAnalyzer.Generic.CorrectionExtent]","False"
"29","2","The variable 'pctFree' is assigned but never used.","$pctFree","PSUseDeclaredVarsMoreThanAssignments","Warning","Get-HypervHealth.p1.TempPoint.ps1","C:\Repos\KillerGaming.Powershell\KillerGaming.Powershell\Get-HypervHealth.p1.TempPoint.ps1","pctFree",,"False"
"1","3","Line has trailing whitespace","System.Management.Automation.Language.ScriptExtent","PSAvoidTrailingWhitespace","Information","Get-HypervHealth.TempPoint.ps1","C:\Repos\KillerGaming.Powershell\KillerGaming.Powershell\Get-HypervHealth.TempPoint.ps1",,"System.Collections.Generic.List`1[Microsoft.Windows.PowerShell.ScriptAnalyzer.Generic.CorrectionExtent]","False"
"7","16","Line has trailing whitespace","System.Management.Automation.Language.ScriptExtent","PSAvoidTrailingWhitespace","Information","Get-HypervHealth.TempPoint.ps1","C:\Repos\KillerGaming.Powershell\KillerGaming.Powershell\Get-HypervHealth.TempPoint.ps1",,"System.Collections.Generic.List`1[Microsoft.Windows.PowerShell.ScriptAnalyzer.Generic.CorrectionExtent]","False"
"1","3","Line has trailing whitespace","System.Management.Automation.Language.ScriptExtent","PSAvoidTrailingWhitespace","Information","Get-VMStats.TempPoint.ps1","C:\Repos\KillerGaming.Powershell\KillerGaming.Powershell\Get-VMStats.TempPoint.ps1",,"System.Collections.Generic.List`1[Microsoft.Windows.PowerShell.ScriptAnalyzer.Generic.CorrectionExtent]","False"
"7","16","Line has trailing whitespace","System.Management.Automation.Language.ScriptExtent","PSAvoidTrailingWhitespace","Information","Get-VMStats.TempPoint.ps1","C:\Repos\KillerGaming.Powershell\KillerGaming.Powershell\Get-VMStats.TempPoint.ps1",,"System.Collections.Generic.List`1[Microsoft.Windows.PowerShell.ScriptAnalyzer.Generic.CorrectionExtent]","False"
"1","3","Line has trailing whitespace","System.Management.Automation.Language.ScriptExtent","PSAvoidTrailingWhitespace","Information","KillerGaming.Powershell.psd1","C:\Repos\KillerGaming.Powershell\KillerGaming.Powershell\KillerGaming.Powershell.psd1",,"System.Collections.Generic.List`1[Microsoft.Windows.PowerShell.ScriptAnalyzer.Generic.CorrectionExtent]","False"
"6","16","Line has trailing whitespace","System.Management.Automation.Language.ScriptExtent","PSAvoidTrailingWhitespace","Information","KillerGaming.Powershell.psd1","C:\Repos\KillerGaming.Powershell\KillerGaming.Powershell\KillerGaming.Powershell.psd1",,"System.Collections.Generic.List`1[Microsoft.Windows.PowerShell.ScriptAnalyzer.Generic.CorrectionExtent]","False"
"17","1","Line has trailing whitespace","System.Management.Automation.Language.ScriptExtent","PSAvoidTrailingWhitespace","Information","KillerGaming.Powershell.psd1","C:\Repos\KillerGaming.Powershell\KillerGaming.Powershell\KillerGaming.Powershell.psd1",,"System.Collections.Generic.List`1[Microsoft.Windows.PowerShell.ScriptAnalyzer.Generic.CorrectionExtent]","False"
"20","1","Line has trailing whitespace","System.Management.Automation.Language.ScriptExtent","PSAvoidTrailingWhitespace","Information","KillerGaming.Powershell.psd1","C:\Repos\KillerGaming.Powershell\KillerGaming.Powershell\KillerGaming.Powershell.psd1",,"System.Collections.Generic.List`1[Microsoft.Windows.PowerShell.ScriptAnalyzer.Generic.CorrectionExtent]","False"
"23","1","Line has trailing whitespace","System.Management.Automation.Language.ScriptExtent","PSAvoidTrailingWhitespace","Information","KillerGaming.Powershell.psd1","C:\Repos\KillerGaming.Powershell\KillerGaming.Powershell\KillerGaming.Powershell.psd1",,"System.Collections.Generic.List`1[Microsoft.Windows.PowerShell.ScriptAnalyzer.Generic.CorrectionExtent]","False"
"26","1","Line has trailing whitespace","System.Management.Automation.Language.ScriptExtent","PSAvoidTrailingWhitespace","Information","KillerGaming.Powershell.psd1","C:\Repos\KillerGaming.Powershell\KillerGaming.Powershell\KillerGaming.Powershell.psd1",,"System.Collections.Generic.List`1[Microsoft.Windows.PowerShell.ScriptAnalyzer.Generic.CorrectionExtent]","False"
"29","1","Line has trailing whitespace","System.Management.Automation.Language.ScriptExtent","PSAvoidTrailingWhitespace","Information","KillerGaming.Powershell.psd1","C:\Repos\KillerGaming.Powershell\KillerGaming.Powershell\KillerGaming.Powershell.psd1",,"System.Collections.Generic.List`1[Microsoft.Windows.PowerShell.ScriptAnalyzer.Generic.CorrectionExtent]","False"
"32","1","Line has trailing whitespace","System.Management.Automation.Language.ScriptExtent","PSAvoidTrailingWhitespace","Information","KillerGaming.Powershell.psd1","C:\Repos\KillerGaming.Powershell\KillerGaming.Powershell\KillerGaming.Powershell.psd1",,"System.Collections.Generic.List`1[Microsoft.Windows.PowerShell.ScriptAnalyzer.Generic.CorrectionExtent]","False"
"35","1","Line has trailing whitespace","System.Management.Automation.Language.ScriptExtent","PSAvoidTrailingWhitespace","Information","KillerGaming.Powershell.psd1","C:\Repos\KillerGaming.Powershell\KillerGaming.Powershell\KillerGaming.Powershell.psd1",,"System.Collections.Generic.List`1[Microsoft.Windows.PowerShell.ScriptAnalyzer.Generic.CorrectionExtent]","False"
"38","1","Line has trailing whitespace","System.Management.Automation.Language.ScriptExtent","PSAvoidTrailingWhitespace","Information","KillerGaming.Powershell.psd1","C:\Repos\KillerGaming.Powershell\KillerGaming.Powershell\KillerGaming.Powershell.psd1",,"System.Collections.Generic.List`1[Microsoft.Windows.PowerShell.ScriptAnalyzer.Generic.CorrectionExtent]","False"
"41","1","Line has trailing whitespace","System.Management.Automation.Language.ScriptExtent","PSAvoidTrailingWhitespace","Information","KillerGaming.Powershell.psd1","C:\Repos\KillerGaming.Powershell\KillerGaming.Powershell\KillerGaming.Powershell.psd1",,"System.Collections.Generic.List`1[Microsoft.Windows.PowerShell.ScriptAnalyzer.Generic.CorrectionExtent]","False"
"44","1","Line has trailing whitespace","System.Management.Automation.Language.ScriptExtent","PSAvoidTrailingWhitespace","Information","KillerGaming.Powershell.psd1","C:\Repos\KillerGaming.Powershell\KillerGaming.Powershell\KillerGaming.Powershell.psd1",,"System.Collections.Generic.List`1[Microsoft.Windows.PowerShell.ScriptAnalyzer.Generic.CorrectionExtent]","False"
"47","1","Line has trailing whitespace","System.Management.Automation.Language.ScriptExtent","PSAvoidTrailingWhitespace","Information","KillerGaming.Powershell.psd1","C:\Repos\KillerGaming.Powershell\KillerGaming.Powershell\KillerGaming.Powershell.psd1",,"System.Collections.Generic.List`1[Microsoft.Windows.PowerShell.ScriptAnalyzer.Generic.CorrectionExtent]","False"
"50","1","Line has trailing whitespace","System.Management.Automation.Language.ScriptExtent","PSAvoidTrailingWhitespace","Information","KillerGaming.Powershell.psd1","C:\Repos\KillerGaming.Powershell\KillerGaming.Powershell\KillerGaming.Powershell.psd1",,"System.Collections.Generic.List`1[Microsoft.Windows.PowerShell.ScriptAnalyzer.Generic.CorrectionExtent]","False"
"53","1","Line has trailing whitespace","System.Management.Automation.Language.ScriptExtent","PSAvoidTrailingWhitespace","Information","KillerGaming.Powershell.psd1","C:\Repos\KillerGaming.Powershell\KillerGaming.Powershell\KillerGaming.Powershell.psd1",,"System.Collections.Generic.List`1[Microsoft.Windows.PowerShell.ScriptAnalyzer.Generic.CorrectionExtent]","False"
"56","1","Line has trailing whitespace","System.Management.Automation.Language.ScriptExtent","PSAvoidTrailingWhitespace","Information","KillerGaming.Powershell.psd1","C:\Repos\KillerGaming.Powershell\KillerGaming.Powershell\KillerGaming.Powershell.psd1",,"System.Collections.Generic.List`1[Microsoft.Windows.PowerShell.ScriptAnalyzer.Generic.CorrectionExtent]","False"
"60","1","Line has trailing whitespace","System.Management.Automation.Language.ScriptExtent","PSAvoidTrailingWhitespace","Information","KillerGaming.Powershell.psd1","C:\Repos\KillerGaming.Powershell\KillerGaming.Powershell\KillerGaming.Powershell.psd1",,"System.Collections.Generic.List`1[Microsoft.Windows.PowerShell.ScriptAnalyzer.Generic.CorrectionExtent]","False"
"63","1","Line has trailing whitespace","System.Management.Automation.Language.ScriptExtent","PSAvoidTrailingWhitespace","Information","KillerGaming.Powershell.psd1","C:\Repos\KillerGaming.Powershell\KillerGaming.Powershell\KillerGaming.Powershell.psd1",,"System.Collections.Generic.List`1[Microsoft.Windows.PowerShell.ScriptAnalyzer.Generic.CorrectionExtent]","False"
"67","1","Line has trailing whitespace","System.Management.Automation.Language.ScriptExtent","PSAvoidTrailingWhitespace","Information","KillerGaming.Powershell.psd1","C:\Repos\KillerGaming.Powershell\KillerGaming.Powershell\KillerGaming.Powershell.psd1",,"System.Collections.Generic.List`1[Microsoft.Windows.PowerShell.ScriptAnalyzer.Generic.CorrectionExtent]","False"
"70","1","Line has trailing whitespace","System.Management.Automation.Language.ScriptExtent","PSAvoidTrailingWhitespace","Information","KillerGaming.Powershell.psd1","C:\Repos\KillerGaming.Powershell\KillerGaming.Powershell\KillerGaming.Powershell.psd1",,"System.Collections.Generic.List`1[Microsoft.Windows.PowerShell.ScriptAnalyzer.Generic.CorrectionExtent]","False"
"73","1","Line has trailing whitespace","System.Management.Automation.Language.ScriptExtent","PSAvoidTrailingWhitespace","Information","KillerGaming.Powershell.psd1","C:\Repos\KillerGaming.Powershell\KillerGaming.Powershell\KillerGaming.Powershell.psd1",,"System.Collections.Generic.List`1[Microsoft.Windows.PowerShell.ScriptAnalyzer.Generic.CorrectionExtent]","False"
"77","1","Line has trailing whitespace","System.Management.Automation.Language.ScriptExtent","PSAvoidTrailingWhitespace","Information","KillerGaming.Powershell.psd1","C:\Repos\KillerGaming.Powershell\KillerGaming.Powershell\KillerGaming.Powershell.psd1",,"System.Collections.Generic.List`1[Microsoft.Windows.PowerShell.ScriptAnalyzer.Generic.CorrectionExtent]","False"
"80","1","Line has trailing whitespace","System.Management.Automation.Language.ScriptExtent","PSAvoidTrailingWhitespace","Information","KillerGaming.Powershell.psd1","C:\Repos\KillerGaming.Powershell\KillerGaming.Powershell\KillerGaming.Powershell.psd1",,"System.Collections.Generic.List`1[Microsoft.Windows.PowerShell.ScriptAnalyzer.Generic.CorrectionExtent]","False"
"82","23","Line has trailing whitespace","System.Management.Automation.Language.ScriptExtent","PSAvoidTrailingWhitespace","Information","KillerGaming.Powershell.psd1","C:\Repos\KillerGaming.Powershell\KillerGaming.Powershell\KillerGaming.Powershell.psd1",,"System.Collections.Generic.List`1[Microsoft.Windows.PowerShell.ScriptAnalyzer.Generic.CorrectionExtent]","False"
"83","1","Line has trailing whitespace","System.Management.Automation.Language.ScriptExtent","PSAvoidTrailingWhitespace","Information","KillerGaming.Powershell.psd1","C:\Repos\KillerGaming.Powershell\KillerGaming.Powershell\KillerGaming.Powershell.psd1",,"System.Collections.Generic.List`1[Microsoft.Windows.PowerShell.ScriptAnalyzer.Generic.CorrectionExtent]","False"
"86","1","Line has trailing whitespace","System.Management.Automation.Language.ScriptExtent","PSAvoidTrailingWhitespace","Information","KillerGaming.Powershell.psd1","C:\Repos\KillerGaming.Powershell\KillerGaming.Powershell\KillerGaming.Powershell.psd1",,"System.Collections.Generic.List`1[Microsoft.Windows.PowerShell.ScriptAnalyzer.Generic.CorrectionExtent]","False"
"89","1","Line has trailing whitespace","System.Management.Automation.Language.ScriptExtent","PSAvoidTrailingWhitespace","Information","KillerGaming.Powershell.psd1","C:\Repos\KillerGaming.Powershell\KillerGaming.Powershell\KillerGaming.Powershell.psd1",,"System.Collections.Generic.List`1[Microsoft.Windows.PowerShell.ScriptAnalyzer.Generic.CorrectionExtent]","False"
"92","1","Line has trailing whitespace","System.Management.Automation.Language.ScriptExtent","PSAvoidTrailingWhitespace","Information","KillerGaming.Powershell.psd1","C:\Repos\KillerGaming.Powershell\KillerGaming.Powershell\KillerGaming.Powershell.psd1",,"System.Collections.Generic.List`1[Microsoft.Windows.PowerShell.ScriptAnalyzer.Generic.CorrectionExtent]","False"
"95","1","Line has trailing whitespace","System.Management.Automation.Language.ScriptExtent","PSAvoidTrailingWhitespace","Information","KillerGaming.Powershell.psd1","C:\Repos\KillerGaming.Powershell\KillerGaming.Powershell\KillerGaming.Powershell.psd1",,"System.Collections.Generic.List`1[Microsoft.Windows.PowerShell.ScriptAnalyzer.Generic.CorrectionExtent]","False"
"98","1","Line has trailing whitespace","System.Management.Automation.Language.ScriptExtent","PSAvoidTrailingWhitespace","Information","KillerGaming.Powershell.psd1","C:\Repos\KillerGaming.Powershell\KillerGaming.Powershell\KillerGaming.Powershell.psd1",,"System.Collections.Generic.List`1[Microsoft.Windows.PowerShell.ScriptAnalyzer.Generic.CorrectionExtent]","False"
"101","1","Line has trailing whitespace","System.Management.Automation.Language.ScriptExtent","PSAvoidTrailingWhitespace","Information","KillerGaming.Powershell.psd1","C:\Repos\KillerGaming.Powershell\KillerGaming.Powershell\KillerGaming.Powershell.psd1",,"System.Collections.Generic.List`1[Microsoft.Windows.PowerShell.ScriptAnalyzer.Generic.CorrectionExtent]","False"
"104","1","Line has trailing whitespace","System.Management.Automation.Language.ScriptExtent","PSAvoidTrailingWhitespace","Information","KillerGaming.Powershell.psd1","C:\Repos\KillerGaming.Powershell\KillerGaming.Powershell\KillerGaming.Powershell.psd1",,"System.Collections.Generic.List`1[Microsoft.Windows.PowerShell.ScriptAnalyzer.Generic.CorrectionExtent]","False"
"107","1","Line has trailing whitespace","System.Management.Automation.Language.ScriptExtent","PSAvoidTrailingWhitespace","Information","KillerGaming.Powershell.psd1","C:\Repos\KillerGaming.Powershell\KillerGaming.Powershell\KillerGaming.Powershell.psd1",,"System.Collections.Generic.List`1[Microsoft.Windows.PowerShell.ScriptAnalyzer.Generic.CorrectionExtent]","False"
"110","1","Line has trailing whitespace","System.Management.Automation.Language.ScriptExtent","PSAvoidTrailingWhitespace","Information","KillerGaming.Powershell.psd1","C:\Repos\KillerGaming.Powershell\KillerGaming.Powershell\KillerGaming.Powershell.psd1",,"System.Collections.Generic.List`1[Microsoft.Windows.PowerShell.ScriptAnalyzer.Generic.CorrectionExtent]","False"
"113","1","Line has trailing whitespace","System.Management.Automation.Language.ScriptExtent","PSAvoidTrailingWhitespace","Information","KillerGaming.Powershell.psd1","C:\Repos\KillerGaming.Powershell\KillerGaming.Powershell\KillerGaming.Powershell.psd1",,"System.Collections.Generic.List`1[Microsoft.Windows.PowerShell.ScriptAnalyzer.Generic.CorrectionExtent]","False"
"116","1","Line has trailing whitespace","System.Management.Automation.Language.ScriptExtent","PSAvoidTrailingWhitespace","Information","KillerGaming.Powershell.psd1","C:\Repos\KillerGaming.Powershell\KillerGaming.Powershell\KillerGaming.Powershell.psd1",,"System.Collections.Generic.List`1[Microsoft.Windows.PowerShell.ScriptAnalyzer.Generic.CorrectionExtent]","False"
"119","1","Line has trailing whitespace","System.Management.Automation.Language.ScriptExtent","PSAvoidTrailingWhitespace","Information","KillerGaming.Powershell.psd1","C:\Repos\KillerGaming.Powershell\KillerGaming.Powershell\KillerGaming.Powershell.psd1",,"System.Collections.Generic.List`1[Microsoft.Windows.PowerShell.ScriptAnalyzer.Generic.CorrectionExtent]","False"
"121","1","Line has trailing whitespace","System.Management.Automation.Language.ScriptExtent","PSAvoidTrailingWhitespace","Information","KillerGaming.Powershell.psd1","C:\Repos\KillerGaming.Powershell\KillerGaming.Powershell\KillerGaming.Powershell.psd1",,"System.Collections.Generic.List`1[Microsoft.Windows.PowerShell.ScriptAnalyzer.Generic.CorrectionExtent]","False"
"82","20","Do not use wildcard or $null in this field. Explicitly specify a list for CmdletsToExport.  ","'*'","PSUseToExportFieldsInManifest","Warning","KillerGaming.Powershell.psd1","C:\Repos\KillerGaming.Powershell\KillerGaming.Powershell\KillerGaming.Powershell.psd1",,"System.Collections.Generic.List`1[Microsoft.Windows.PowerShell.ScriptAnalyzer.Generic.CorrectionExtent]","False"
"88","20","Do not use wildcard or $null in this field. Explicitly specify a list for AliasesToExport.  ","'*'","PSUseToExportFieldsInManifest","Warning","KillerGaming.Powershell.psd1","C:\Repos\KillerGaming.Powershell\KillerGaming.Powershell\KillerGaming.Powershell.psd1",,"System.Collections.Generic.List`1[Microsoft.Windows.PowerShell.ScriptAnalyzer.Generic.CorrectionExtent]","False"
"1","3","Line has trailing whitespace","System.Management.Automation.Language.ScriptExtent","PSAvoidTrailingWhitespace","Information","KillerGaming.Powershell.psm1","C:\Repos\KillerGaming.Powershell\KillerGaming.Powershell\KillerGaming.Powershell.psm1",,"System.Collections.Generic.List`1[Microsoft.Windows.PowerShell.ScriptAnalyzer.Generic.CorrectionExtent]","False"
"6","16","Line has trailing whitespace","System.Management.Automation.Language.ScriptExtent","PSAvoidTrailingWhitespace","Information","KillerGaming.Powershell.psm1","C:\Repos\KillerGaming.Powershell\KillerGaming.Powershell\KillerGaming.Powershell.psm1",,"System.Collections.Generic.List`1[Microsoft.Windows.PowerShell.ScriptAnalyzer.Generic.CorrectionExtent]","False"
"1","3","Line has trailing whitespace","System.Management.Automation.Language.ScriptExtent","PSAvoidTrailingWhitespace","Information","KillerGaming.Powershell.TempPoint.psm1","C:\Repos\KillerGaming.Powershell\KillerGaming.Powershell\KillerGaming.Powershell.TempPoint.psm1",,"System.Collections.Generic.List`1[Microsoft.Windows.PowerShell.ScriptAnalyzer.Generic.CorrectionExtent]","False"
"6","16","Line has trailing whitespace","System.Management.Automation.Language.ScriptExtent","PSAvoidTrailingWhitespace","Information","KillerGaming.Powershell.TempPoint.psm1","C:\Repos\KillerGaming.Powershell\KillerGaming.Powershell\KillerGaming.Powershell.TempPoint.psm1",,"System.Collections.Generic.List`1[Microsoft.Windows.PowerShell.ScriptAnalyzer.Generic.CorrectionExtent]","False"
"17","2","File 'KillerGaming.Powershell.TempPoint.psm1' uses Write-Host. Avoid using Write-Host because it might not work in all hosts, does not work when there is no host, and (prior to PS 5.0) cannot be suppressed, captured, or redirected. Instead, use Write-Output, Write-Verbose, or Write-Information.","Write-Host ""Hello World""","PSAvoidUsingWriteHost","Warning","KillerGaming.Powershell.TempPoint.psm1","C:\Repos\KillerGaming.Powershell\KillerGaming.Powershell\KillerGaming.Powershell.TempPoint.psm1",,,"False"
"12","1","Line has trailing whitespace","System.Management.Automation.Language.ScriptExtent","PSAvoidTrailingWhitespace","Information","New-Vm.TempPoint.ps1","C:\Repos\KillerGaming.Powershell\KillerGaming.Powershell\New-Vm.TempPoint.ps1",,"System.Collections.Generic.List`1[Microsoft.Windows.PowerShell.ScriptAnalyzer.Generic.CorrectionExtent]","False"
"15","1","Line has trailing whitespace","System.Management.Automation.Language.ScriptExtent","PSAvoidTrailingWhitespace","Information","New-Vm.TempPoint.ps1","C:\Repos\KillerGaming.Powershell\KillerGaming.Powershell\New-Vm.TempPoint.ps1",,"System.Collections.Generic.List`1[Microsoft.Windows.PowerShell.ScriptAnalyzer.Generic.CorrectionExtent]","False"
"18","1","Line has trailing whitespace","System.Management.Automation.Language.ScriptExtent","PSAvoidTrailingWhitespace","Information","New-Vm.TempPoint.ps1","C:\Repos\KillerGaming.Powershell\KillerGaming.Powershell\New-Vm.TempPoint.ps1",,"System.Collections.Generic.List`1[Microsoft.Windows.PowerShell.ScriptAnalyzer.Generic.CorrectionExtent]","False"
"21","1","Line has trailing whitespace","System.Management.Automation.Language.ScriptExtent","PSAvoidTrailingWhitespace","Information","New-Vm.TempPoint.ps1","C:\Repos\KillerGaming.Powershell\KillerGaming.Powershell\New-Vm.TempPoint.ps1",,"System.Collections.Generic.List`1[Microsoft.Windows.PowerShell.ScriptAnalyzer.Generic.CorrectionExtent]","False"
"24","1","Line has trailing whitespace","System.Management.Automation.Language.ScriptExtent","PSAvoidTrailingWhitespace","Information","New-Vm.TempPoint.ps1","C:\Repos\KillerGaming.Powershell\KillerGaming.Powershell\New-Vm.TempPoint.ps1",,"System.Collections.Generic.List`1[Microsoft.Windows.PowerShell.ScriptAnalyzer.Generic.CorrectionExtent]","False"
"27","1","Line has trailing whitespace","System.Management.Automation.Language.ScriptExtent","PSAvoidTrailingWhitespace","Information","New-Vm.TempPoint.ps1","C:\Repos\KillerGaming.Powershell\KillerGaming.Powershell\New-Vm.TempPoint.ps1",,"System.Collections.Generic.List`1[Microsoft.Windows.PowerShell.ScriptAnalyzer.Generic.CorrectionExtent]","False"
"30","1","Line has trailing whitespace","System.Management.Automation.Language.ScriptExtent","PSAvoidTrailingWhitespace","Information","New-Vm.TempPoint.ps1","C:\Repos\KillerGaming.Powershell\KillerGaming.Powershell\New-Vm.TempPoint.ps1",,"System.Collections.Generic.List`1[Microsoft.Windows.PowerShell.ScriptAnalyzer.Generic.CorrectionExtent]","False"
"56","1","Line has trailing whitespace","System.Management.Automation.Language.ScriptExtent","PSAvoidTrailingWhitespace","Information","New-Vm.TempPoint.ps1","C:\Repos\KillerGaming.Powershell\KillerGaming.Powershell\New-Vm.TempPoint.ps1",,"System.Collections.Generic.List`1[Microsoft.Windows.PowerShell.ScriptAnalyzer.Generic.CorrectionExtent]","False"
"67","1","Line has trailing whitespace","System.Management.Automation.Language.ScriptExtent","PSAvoidTrailingWhitespace","Information","New-Vm.TempPoint.ps1","C:\Repos\KillerGaming.Powershell\KillerGaming.Powershell\New-Vm.TempPoint.ps1",,"System.Collections.Generic.List`1[Microsoft.Windows.PowerShell.ScriptAnalyzer.Generic.CorrectionExtent]","False"
"76","1","Line has trailing whitespace","System.Management.Automation.Language.ScriptExtent","PSAvoidTrailingWhitespace","Information","New-Vm.TempPoint.ps1","C:\Repos\KillerGaming.Powershell\KillerGaming.Powershell\New-Vm.TempPoint.ps1",,"System.Collections.Generic.List`1[Microsoft.Windows.PowerShell.ScriptAnalyzer.Generic.CorrectionExtent]","False"
"94","1","Line has trailing whitespace","System.Management.Automation.Language.ScriptExtent","PSAvoidTrailingWhitespace","Information","New-Vm.TempPoint.ps1","C:\Repos\KillerGaming.Powershell\KillerGaming.Powershell\New-Vm.TempPoint.ps1",,"System.Collections.Generic.List`1[Microsoft.Windows.PowerShell.ScriptAnalyzer.Generic.CorrectionExtent]","False"
"122","1","Line has trailing whitespace","System.Management.Automation.Language.ScriptExtent","PSAvoidTrailingWhitespace","Information","New-Vm.TempPoint.ps1","C:\Repos\KillerGaming.Powershell\KillerGaming.Powershell\New-Vm.TempPoint.ps1",,"System.Collections.Generic.List`1[Microsoft.Windows.PowerShell.ScriptAnalyzer.Generic.CorrectionExtent]","False"
"125","1","Line has trailing whitespace","System.Management.Automation.Language.ScriptExtent","PSAvoidTrailingWhitespace","Information","New-Vm.TempPoint.ps1","C:\Repos\KillerGaming.Powershell\KillerGaming.Powershell\New-Vm.TempPoint.ps1",,"System.Collections.Generic.List`1[Microsoft.Windows.PowerShell.ScriptAnalyzer.Generic.CorrectionExtent]","False"
"3","17","'New-HypervVm' has the ShouldProcess attribute but does not call ShouldProcess/ShouldContinue.","SupportsShouldProcess","PSShouldProcess","Warning","New-Vm.TempPoint.ps1","C:\Repos\KillerGaming.Powershell\KillerGaming.Powershell\New-Vm.TempPoint.ps1",,,"False"
"10","1","Line has trailing whitespace","System.Management.Automation.Language.ScriptExtent","PSAvoidTrailingWhitespace","Information","psake.ps1","C:\Repos\KillerGaming.Powershell\KillerGaming.Powershell\psake.ps1",,"System.Collections.Generic.List`1[Microsoft.Windows.PowerShell.ScriptAnalyzer.Generic.CorrectionExtent]","False"
"15","1","Line has trailing whitespace","System.Management.Automation.Language.ScriptExtent","PSAvoidTrailingWhitespace","Information","psake.ps1","C:\Repos\KillerGaming.Powershell\KillerGaming.Powershell\psake.ps1",,"System.Collections.Generic.List`1[Microsoft.Windows.PowerShell.ScriptAnalyzer.Generic.CorrectionExtent]","False"
"36","1","Line has trailing whitespace","System.Management.Automation.Language.ScriptExtent","PSAvoidTrailingWhitespace","Information","psake.ps1","C:\Repos\KillerGaming.Powershell\KillerGaming.Powershell\psake.ps1",,"System.Collections.Generic.List`1[Microsoft.Windows.PowerShell.ScriptAnalyzer.Generic.CorrectionExtent]","False"
"39","1","Line has trailing whitespace","System.Management.Automation.Language.ScriptExtent","PSAvoidTrailingWhitespace","Information","psake.ps1","C:\Repos\KillerGaming.Powershell\KillerGaming.Powershell\psake.ps1",,"System.Collections.Generic.List`1[Microsoft.Windows.PowerShell.ScriptAnalyzer.Generic.CorrectionExtent]","False"
"47","1","Line has trailing whitespace","System.Management.Automation.Language.ScriptExtent","PSAvoidTrailingWhitespace","Information","psake.ps1","C:\Repos\KillerGaming.Powershell\KillerGaming.Powershell\psake.ps1",,"System.Collections.Generic.List`1[Microsoft.Windows.PowerShell.ScriptAnalyzer.Generic.CorrectionExtent]","False"
"49","1","Line has trailing whitespace","System.Management.Automation.Language.ScriptExtent","PSAvoidTrailingWhitespace","Information","psake.ps1","C:\Repos\KillerGaming.Powershell\KillerGaming.Powershell\psake.ps1",,"System.Collections.Generic.List`1[Microsoft.Windows.PowerShell.ScriptAnalyzer.Generic.CorrectionExtent]","False"
"61","1","Line has trailing whitespace","System.Management.Automation.Language.ScriptExtent","PSAvoidTrailingWhitespace","Information","psake.ps1","C:\Repos\KillerGaming.Powershell\KillerGaming.Powershell\psake.ps1",,"System.Collections.Generic.List`1[Microsoft.Windows.PowerShell.ScriptAnalyzer.Generic.CorrectionExtent]","False"
"63","1","Line has trailing whitespace","System.Management.Automation.Language.ScriptExtent","PSAvoidTrailingWhitespace","Information","psake.ps1","C:\Repos\KillerGaming.Powershell\KillerGaming.Powershell\psake.ps1",,"System.Collections.Generic.List`1[Microsoft.Windows.PowerShell.ScriptAnalyzer.Generic.CorrectionExtent]","False"
"65","1","Line has trailing whitespace","System.Management.Automation.Language.ScriptExtent","PSAvoidTrailingWhitespace","Information","psake.ps1","C:\Repos\KillerGaming.Powershell\KillerGaming.Powershell\psake.ps1",,"System.Collections.Generic.List`1[Microsoft.Windows.PowerShell.ScriptAnalyzer.Generic.CorrectionExtent]","False"
"68","1","Line has trailing whitespace","System.Management.Automation.Language.ScriptExtent","PSAvoidTrailingWhitespace","Information","psake.ps1","C:\Repos\KillerGaming.Powershell\KillerGaming.Powershell\psake.ps1",,"System.Collections.Generic.List`1[Microsoft.Windows.PowerShell.ScriptAnalyzer.Generic.CorrectionExtent]","False"
"71","1","Line has trailing whitespace","System.Management.Automation.Language.ScriptExtent","PSAvoidTrailingWhitespace","Information","psake.ps1","C:\Repos\KillerGaming.Powershell\KillerGaming.Powershell\psake.ps1",,"System.Collections.Generic.List`1[Microsoft.Windows.PowerShell.ScriptAnalyzer.Generic.CorrectionExtent]","False"
"72","1","Line has trailing whitespace","System.Management.Automation.Language.ScriptExtent","PSAvoidTrailingWhitespace","Information","psake.ps1","C:\Repos\KillerGaming.Powershell\KillerGaming.Powershell\psake.ps1",,"System.Collections.Generic.List`1[Microsoft.Windows.PowerShell.ScriptAnalyzer.Generic.CorrectionExtent]","False"
"75","1","Line has trailing whitespace","System.Management.Automation.Language.ScriptExtent","PSAvoidTrailingWhitespace","Information","psake.ps1","C:\Repos\KillerGaming.Powershell\KillerGaming.Powershell\psake.ps1",,"System.Collections.Generic.List`1[Microsoft.Windows.PowerShell.ScriptAnalyzer.Generic.CorrectionExtent]","False"
"78","1","Line has trailing whitespace","System.Management.Automation.Language.ScriptExtent","PSAvoidTrailingWhitespace","Information","psake.ps1","C:\Repos\KillerGaming.Powershell\KillerGaming.Powershell\psake.ps1",,"System.Collections.Generic.List`1[Microsoft.Windows.PowerShell.ScriptAnalyzer.Generic.CorrectionExtent]","False"
"85","1","Line has trailing whitespace","System.Management.Automation.Language.ScriptExtent","PSAvoidTrailingWhitespace","Information","psake.ps1","C:\Repos\KillerGaming.Powershell\KillerGaming.Powershell\psake.ps1",,"System.Collections.Generic.List`1[Microsoft.Windows.PowerShell.ScriptAnalyzer.Generic.CorrectionExtent]","False"
"13","2","The variable 'TestFile' is assigned but never used.","$TestFile","PSUseDeclaredVarsMoreThanAssignments","Warning","psake.ps1","C:\Repos\KillerGaming.Powershell\KillerGaming.Powershell\psake.ps1","TestFile",,"False"
"14","2","The variable 'lines' is assigned but never used.","$lines","PSUseDeclaredVarsMoreThanAssignments","Warning","psake.ps1","C:\Repos\KillerGaming.Powershell\KillerGaming.Powershell\psake.ps1","lines",,"False"
"16","2","The variable 'Verbose' is assigned but never used.","$Verbose","PSUseDeclaredVarsMoreThanAssignments","Warning","psake.ps1","C:\Repos\KillerGaming.Powershell\KillerGaming.Powershell\psake.ps1","Verbose",,"False"
"10","1","Line has trailing whitespace","System.Management.Automation.Language.ScriptExtent","PSAvoidTrailingWhitespace","Information","psake.TempPoint.ps1","C:\Repos\KillerGaming.Powershell\KillerGaming.Powershell\psake.TempPoint.ps1",,"System.Collections.Generic.List`1[Microsoft.Windows.PowerShell.ScriptAnalyzer.Generic.CorrectionExtent]","False"
"15","1","Line has trailing whitespace","System.Management.Automation.Language.ScriptExtent","PSAvoidTrailingWhitespace","Information","psake.TempPoint.ps1","C:\Repos\KillerGaming.Powershell\KillerGaming.Powershell\psake.TempPoint.ps1",,"System.Collections.Generic.List`1[Microsoft.Windows.PowerShell.ScriptAnalyzer.Generic.CorrectionExtent]","False"
"36","1","Line has trailing whitespace","System.Management.Automation.Language.ScriptExtent","PSAvoidTrailingWhitespace","Information","psake.TempPoint.ps1","C:\Repos\KillerGaming.Powershell\KillerGaming.Powershell\psake.TempPoint.ps1",,"System.Collections.Generic.List`1[Microsoft.Windows.PowerShell.ScriptAnalyzer.Generic.CorrectionExtent]","False"
"39","1","Line has trailing whitespace","System.Management.Automation.Language.ScriptExtent","PSAvoidTrailingWhitespace","Information","psake.TempPoint.ps1","C:\Repos\KillerGaming.Powershell\KillerGaming.Powershell\psake.TempPoint.ps1",,"System.Collections.Generic.List`1[Microsoft.Windows.PowerShell.ScriptAnalyzer.Generic.CorrectionExtent]","False"
"47","1","Line has trailing whitespace","System.Management.Automation.Language.ScriptExtent","PSAvoidTrailingWhitespace","Information","psake.TempPoint.ps1","C:\Repos\KillerGaming.Powershell\KillerGaming.Powershell\psake.TempPoint.ps1",,"System.Collections.Generic.List`1[Microsoft.Windows.PowerShell.ScriptAnalyzer.Generic.CorrectionExtent]","False"
"49","1","Line has trailing whitespace","System.Management.Automation.Language.ScriptExtent","PSAvoidTrailingWhitespace","Information","psake.TempPoint.ps1","C:\Repos\KillerGaming.Powershell\KillerGaming.Powershell\psake.TempPoint.ps1",,"System.Collections.Generic.List`1[Microsoft.Windows.PowerShell.ScriptAnalyzer.Generic.CorrectionExtent]","False"
"61","1","Line has trailing whitespace","System.Management.Automation.Language.ScriptExtent","PSAvoidTrailingWhitespace","Information","psake.TempPoint.ps1","C:\Repos\KillerGaming.Powershell\KillerGaming.Powershell\psake.TempPoint.ps1",,"System.Collections.Generic.List`1[Microsoft.Windows.PowerShell.ScriptAnalyzer.Generic.CorrectionExtent]","False"
"64","1","Line has trailing whitespace","System.Management.Automation.Language.ScriptExtent","PSAvoidTrailingWhitespace","Information","psake.TempPoint.ps1","C:\Repos\KillerGaming.Powershell\KillerGaming.Powershell\psake.TempPoint.ps1",,"System.Collections.Generic.List`1[Microsoft.Windows.PowerShell.ScriptAnalyzer.Generic.CorrectionExtent]","False"
"67","1","Line has trailing whitespace","System.Management.Automation.Language.ScriptExtent","PSAvoidTrailingWhitespace","Information","psake.TempPoint.ps1","C:\Repos\KillerGaming.Powershell\KillerGaming.Powershell\psake.TempPoint.ps1",,"System.Collections.Generic.List`1[Microsoft.Windows.PowerShell.ScriptAnalyzer.Generic.CorrectionExtent]","False"
"74","1","Line has trailing whitespace","System.Management.Automation.Language.ScriptExtent","PSAvoidTrailingWhitespace","Information","psake.TempPoint.ps1","C:\Repos\KillerGaming.Powershell\KillerGaming.Powershell\psake.TempPoint.ps1",,"System.Collections.Generic.List`1[Microsoft.Windows.PowerShell.ScriptAnalyzer.Generic.CorrectionExtent]","False"
"13","2","The variable 'TestFile' is assigned but never used.","$TestFile","PSUseDeclaredVarsMoreThanAssignments","Warning","psake.TempPoint.ps1","C:\Repos\KillerGaming.Powershell\KillerGaming.Powershell\psake.TempPoint.ps1","TestFile",,"False"
"14","2","The variable 'lines' is assigned but never used.","$lines","PSUseDeclaredVarsMoreThanAssignments","Warning","psake.TempPoint.ps1","C:\Repos\KillerGaming.Powershell\KillerGaming.Powershell\psake.TempPoint.ps1","lines",,"False"
"16","2","The variable 'Verbose' is assigned but never used.","$Verbose","PSUseDeclaredVarsMoreThanAssignments","Warning","psake.TempPoint.ps1","C:\Repos\KillerGaming.Powershell\KillerGaming.Powershell\psake.TempPoint.ps1","Verbose",,"False"
"1","3","Line has trailing whitespace","System.Management.Automation.Language.ScriptExtent","PSAvoidTrailingWhitespace","Information","Run-PSScriptAnalyzer.ps1","C:\Repos\KillerGaming.Powershell\KillerGaming.Powershell\Run-PSScriptAnalyzer.ps1",,"System.Collections.Generic.List`1[Microsoft.Windows.PowerShell.ScriptAnalyzer.Generic.CorrectionExtent]","False"
"7","16","Line has trailing whitespace","System.Management.Automation.Language.ScriptExtent","PSAvoidTrailingWhitespace","Information","Run-PSScriptAnalyzer.ps1","C:\Repos\KillerGaming.Powershell\KillerGaming.Powershell\Run-PSScriptAnalyzer.ps1",,"System.Collections.Generic.List`1[Microsoft.Windows.PowerShell.ScriptAnalyzer.Generic.CorrectionExtent]","False"
"46","2","File 'Run-PSScriptAnalyzer.ps1' uses Write-Host. Avoid using Write-Host because it might not work in all hosts, does not work when there is no host, and (prior to PS 5.0) cannot be suppressed, captured, or redirected. Instead, use Write-Output, Write-Verbose, or Write-Information.","Write-Host ""Analysis of your code threw $($results.Count) warnings or errors. Please go back and check your code.""","PSAvoidUsingWriteHost","Warning","Run-PSScriptAnalyzer.ps1","C:\Repos\KillerGaming.Powershell\KillerGaming.Powershell\Run-PSScriptAnalyzer.ps1",,,"False"
"51","2","File 'Run-PSScriptAnalyzer.ps1' uses Write-Host. Avoid using Write-Host because it might not work in all hosts, does not work when there is no host, and (prior to PS 5.0) cannot be suppressed, captured, or redirected. Instead, use Write-Output, Write-Verbose, or Write-Information.","Write-Host 'Awesome code! No issues found!' -Foregroundcolor green","PSAvoidUsingWriteHost","Warning","Run-PSScriptAnalyzer.ps1","C:\Repos\KillerGaming.Powershell\KillerGaming.Powershell\Run-PSScriptAnalyzer.ps1",,,"False"
"1","3","Line has trailing whitespace","System.Management.Automation.Language.ScriptExtent","PSAvoidTrailingWhitespace","Information","Run-PSScriptAnalyzer.TempPoint.ps1","C:\Repos\KillerGaming.Powershell\KillerGaming.Powershell\Run-PSScriptAnalyzer.TempPoint.ps1",,"System.Collections.Generic.List`1[Microsoft.Windows.PowerShell.ScriptAnalyzer.Generic.CorrectionExtent]","False"
"7","16","Line has trailing whitespace","System.Management.Automation.Language.ScriptExtent","PSAvoidTrailingWhitespace","Information","Run-PSScriptAnalyzer.TempPoint.ps1","C:\Repos\KillerGaming.Powershell\KillerGaming.Powershell\Run-PSScriptAnalyzer.TempPoint.ps1",,"System.Collections.Generic.List`1[Microsoft.Windows.PowerShell.ScriptAnalyzer.Generic.CorrectionExtent]","False"
"46","2","File 'Run-PSScriptAnalyzer.TempPoint.ps1' uses Write-Host. Avoid using Write-Host because it might not work in all hosts, does not work when there is no host, and (prior to PS 5.0) cannot be suppressed, captured, or redirected. Instead, use Write-Output, Write-Verbose, or Write-Information.","Write-Host ""Analysis of your code threw $($results.Count) warnings or errors. Please go back and check your code.""","PSAvoidUsingWriteHost","Warning","Run-PSScriptAnalyzer.TempPoint.ps1","C:\Repos\KillerGaming.Powershell\KillerGaming.Powershell\Run-PSScriptAnalyzer.TempPoint.ps1",,,"False"
"51","2","File 'Run-PSScriptAnalyzer.TempPoint.ps1' uses Write-Host. Avoid using Write-Host because it might not work in all hosts, does not work when there is no host, and (prior to PS 5.0) cannot be suppressed, captured, or redirected. Instead, use Write-Output, Write-Verbose, or Write-Information.","Write-Host 'Awesome code! No issues found!' -Foregroundcolor green","PSAvoidUsingWriteHost","Warning","Run-PSScriptAnalyzer.TempPoint.ps1","C:\Repos\KillerGaming.Powershell\KillerGaming.Powershell\Run-PSScriptAnalyzer.TempPoint.ps1",,,"False"
"1","3","Line has trailing whitespace","System.Management.Automation.Language.ScriptExtent","PSAvoidTrailingWhitespace","Information","Test-Module.ps1","C:\Repos\KillerGaming.Powershell\KillerGaming.Powershell\Test-Module.ps1",,"System.Collections.Generic.List`1[Microsoft.Windows.PowerShell.ScriptAnalyzer.Generic.CorrectionExtent]","False"
"7","16","Line has trailing whitespace","System.Management.Automation.Language.ScriptExtent","PSAvoidTrailingWhitespace","Information","Test-Module.ps1","C:\Repos\KillerGaming.Powershell\KillerGaming.Powershell\Test-Module.ps1",,"System.Collections.Generic.List`1[Microsoft.Windows.PowerShell.ScriptAnalyzer.Generic.CorrectionExtent]","False"
"20","80","Line has trailing whitespace","System.Management.Automation.Language.ScriptExtent","PSAvoidTrailingWhitespace","Information","Test-Module.ps1","C:\Repos\KillerGaming.Powershell\KillerGaming.Powershell\Test-Module.ps1",,"System.Collections.Generic.List`1[Microsoft.Windows.PowerShell.ScriptAnalyzer.Generic.CorrectionExtent]","False"
"34","1","Line has trailing whitespace","System.Management.Automation.Language.ScriptExtent","PSAvoidTrailingWhitespace","Information","Test-Module.ps1","C:\Repos\KillerGaming.Powershell\KillerGaming.Powershell\Test-Module.ps1",,"System.Collections.Generic.List`1[Microsoft.Windows.PowerShell.ScriptAnalyzer.Generic.CorrectionExtent]","False"
"36","1","Line has trailing whitespace","System.Management.Automation.Language.ScriptExtent","PSAvoidTrailingWhitespace","Information","Test-Module.ps1","C:\Repos\KillerGaming.Powershell\KillerGaming.Powershell\Test-Module.ps1",,"System.Collections.Generic.List`1[Microsoft.Windows.PowerShell.ScriptAnalyzer.Generic.CorrectionExtent]","False"
"39","1","Line has trailing whitespace","System.Management.Automation.Language.ScriptExtent","PSAvoidTrailingWhitespace","Information","Test-Module.ps1","C:\Repos\KillerGaming.Powershell\KillerGaming.Powershell\Test-Module.ps1",,"System.Collections.Generic.List`1[Microsoft.Windows.PowerShell.ScriptAnalyzer.Generic.CorrectionExtent]","False"
"40","1","Line has trailing whitespace","System.Management.Automation.Language.ScriptExtent","PSAvoidTrailingWhitespace","Information","Test-Module.ps1","C:\Repos\KillerGaming.Powershell\KillerGaming.Powershell\Test-Module.ps1",,"System.Collections.Generic.List`1[Microsoft.Windows.PowerShell.ScriptAnalyzer.Generic.CorrectionExtent]","False"
"41","1","Line has trailing whitespace","System.Management.Automation.Language.ScriptExtent","PSAvoidTrailingWhitespace","Information","Test-Module.ps1","C:\Repos\KillerGaming.Powershell\KillerGaming.Powershell\Test-Module.ps1",,"System.Collections.Generic.List`1[Microsoft.Windows.PowerShell.ScriptAnalyzer.Generic.CorrectionExtent]","False"
"43","1","Line has trailing whitespace","System.Management.Automation.Language.ScriptExtent","PSAvoidTrailingWhitespace","Information","Test-Module.ps1","C:\Repos\KillerGaming.Powershell\KillerGaming.Powershell\Test-Module.ps1",,"System.Collections.Generic.List`1[Microsoft.Windows.PowerShell.ScriptAnalyzer.Generic.CorrectionExtent]","False"
"1","3","Line has trailing whitespace","System.Management.Automation.Language.ScriptExtent","PSAvoidTrailingWhitespace","Information","Test-Module.TempPoint.ps1","C:\Repos\KillerGaming.Powershell\KillerGaming.Powershell\Test-Module.TempPoint.ps1",,"System.Collections.Generic.List`1[Microsoft.Windows.PowerShell.ScriptAnalyzer.Generic.CorrectionExtent]","False"
"7","16","Line has trailing whitespace","System.Management.Automation.Language.ScriptExtent","PSAvoidTrailingWhitespace","Information","Test-Module.TempPoint.ps1","C:\Repos\KillerGaming.Powershell\KillerGaming.Powershell\Test-Module.TempPoint.ps1",,"System.Collections.Generic.List`1[Microsoft.Windows.PowerShell.ScriptAnalyzer.Generic.CorrectionExtent]","False"
"20","80","Line has trailing whitespace","System.Management.Automation.Language.ScriptExtent","PSAvoidTrailingWhitespace","Information","Test-Module.TempPoint.ps1","C:\Repos\KillerGaming.Powershell\KillerGaming.Powershell\Test-Module.TempPoint.ps1",,"System.Collections.Generic.List`1[Microsoft.Windows.PowerShell.ScriptAnalyzer.Generic.CorrectionExtent]","False"
"35","4","Line has trailing whitespace","System.Management.Automation.Language.ScriptExtent","PSAvoidTrailingWhitespace","Information","Test-Module.TempPoint.ps1","C:\Repos\KillerGaming.Powershell\KillerGaming.Powershell\Test-Module.TempPoint.ps1",,"System.Collections.Generic.List`1[Microsoft.Windows.PowerShell.ScriptAnalyzer.Generic.CorrectionExtent]","False"
